{
  "properties": {
    "connectionReferences": {
      "shared_approvals": {
        "runtimeSource": "embedded",
        "connection": {
          "connectionReferenceLogicalName": "contoso_sharedapprovals_f38d7"
        },
        "api": {
          "name": "shared_approvals"
        }
      },
      "shared_commondataserviceforapps": {
        "runtimeSource": "embedded",
        "connection": {
          "connectionReferenceLogicalName": "contoso_sharedcommondataserviceforapps_89fee"
        },
        "api": {
          "name": "shared_commondataserviceforapps"
        }
      },
      "shared_office365": {
        "runtimeSource": "embedded",
        "connection": {
          "connectionReferenceLogicalName": "contoso_sharedoffice365_a95c2"
        },
        "api": {
          "name": "shared_office365"
        }
      },
      "shared_teams": {
        "runtimeSource": "embedded",
        "connection": {
          "connectionReferenceLogicalName": "contoso_sharedteams_1cdd0"
        },
        "api": {
          "name": "shared_teams"
        }
      }
    },
    "definition": {
      "$schema": "https://schema.management.azure.com/providers/Microsoft.Logic/schemas/2016-06-01/workflowdefinition.json#",
      "contentVersion": "1.0.0.0",
      "parameters": {
        "$connections": {
          "defaultValue": {},
          "type": "Object"
        },
        "$authentication": {
          "defaultValue": {},
          "type": "SecureObject"
        }
      },
      "triggers": {
        "When_a_row_is_added,_modified_or_deleted": {
          "metadata": {
            "operationMetadataId": "db98155e-d21f-416b-b9a9-fb0c8c398fc3"
          },
          "type": "OpenApiConnectionWebhook",
          "inputs": {
            "host": {
              "connectionName": "shared_commondataserviceforapps",
              "operationId": "SubscribeWebhookTrigger",
              "apiId": "/providers/Microsoft.PowerApps/apis/shared_commondataserviceforapps"
            },
            "parameters": {
              "subscriptionRequest/message": 1,
              "subscriptionRequest/entityname": "contoso_machineorder",
              "subscriptionRequest/scope": 4
            },
            "authentication": "@parameters('$authentication')"
          }
        }
      },
      "actions": {
        "Start_and_wait_for_an_approval": {
          "runAfter": {},
          "metadata": {
            "operationMetadataId": "543fe1fc-d512-4278-814d-900b02b2d044"
          },
          "type": "OpenApiConnectionWebhook",
          "inputs": {
            "host": {
              "connectionName": "shared_approvals",
              "operationId": "StartAndWaitForAnApproval",
              "apiId": "/providers/Microsoft.PowerApps/apis/shared_approvals"
            },
            "parameters": {
              "approvalType": "Basic",
              "WebhookApprovalCreationInput/title": "New machine request for @{triggerOutputs()?['body/contoso_name']}",
              "WebhookApprovalCreationInput/assignedTo": "@{triggerOutputs()?['body/contoso_approver']};",
              "WebhookApprovalCreationInput/enableNotifications": true,
              "WebhookApprovalCreationInput/enableReassignment": true
            },
            "authentication": "@parameters('$authentication')"
          }
        },
        "Condition": {
          "actions": {
            "Update_a_row_in_selected_environment": {
              "runAfter": {},
              "metadata": {
                "operationMetadataId": "4645a1d7-65f2-4cf3-9016-b9f7c23aed42"
              },
              "type": "OpenApiConnection",
              "inputs": {
                "host": {
                  "connectionName": "shared_commondataserviceforapps",
                  "operationId": "UpdateOnlyRecordWithOrganization",
                  "apiId": "/providers/Microsoft.PowerApps/apis/shared_commondataserviceforapps"
                },
                "parameters": {
                  "organization": "https://org9a862efb.crm4.dynamics.com",
                  "entityName": "contoso_machineorders",
                  "recordId": "@triggerOutputs()?['body/contoso_machineorderid']",
                  "item/contoso_approvalstatus": 330650000,
                  "item/contoso_approveddate": "@utcNow() "
                },
                "authentication": "@parameters('$authentication')"
              }
            },
            "Send_an_email_(V2)": {
              "runAfter": {
                "Update_a_row_in_selected_environment": [
                  "Succeeded"
                ]
              },
              "metadata": {
                "operationMetadataId": "63989b33-43f4-4022-83fe-54136ed630f6"
              },
              "type": "OpenApiConnection",
              "inputs": {
                "host": {
                  "connectionName": "shared_office365",
                  "operationId": "SendEmailV2",
                  "apiId": "/providers/Microsoft.PowerApps/apis/shared_office365"
                },
                "parameters": {
                  "emailMessage/To": "@outputs('Update_a_row_in_selected_environment')?['body/contoso_requestedby']",
                  "emailMessage/Subject": "Your machine order has been approved!",
                  "emailMessage/Body": "<p>Your machine has been approved @{triggerOutputs()?['body/contoso_name']}<br>\nEstimated ship date: @{outputs('Update_a_row_in_selected_environment')?['body/contoso_estimatedshipdate']}<br>\n@{outputs('Start_and_wait_for_an_approval')?['body/responseSummary']}</p>",
                  "emailMessage/Importance": "Normal"
                },
                "authentication": "@parameters('$authentication')"
              }
            },
            "Post_message_in_a_chat_or_channel_2": {
              "runAfter": {
                "Send_an_email_(V2)": [
                  "Succeeded"
                ]
              },
              "metadata": {
                "operationMetadataId": "b4d728c0-b036-4a8f-8c34-178c5005d6d0"
              },
              "type": "OpenApiConnection",
              "inputs": {
                "host": {
                  "connectionName": "shared_teams",
                  "operationId": "PostMessageToConversation",
                  "apiId": "/providers/Microsoft.PowerApps/apis/shared_teams"
                },
                "parameters": {
                  "poster": "Flow bot",
                  "location": "Chat with Flow bot",
                  "body/recipient": "@{outputs('Update_a_row_in_selected_environment')?['body/contoso_requestedby']};",
                  "body/messageBody": "<p>Your machine has been approved @{outputs('Update_a_row_in_selected_environment')?['body/contoso_name']}<br>\nEstimated Ship Date: @{outputs('Update_a_row_in_selected_environment')?['body/contoso_estimatedshipdate']}</p>"
                },
                "authentication": "@parameters('$authentication')"
              }
            }
          },
          "runAfter": {
            "Start_and_wait_for_an_approval": [
              "Succeeded"
            ]
          },
          "else": {
            "actions": {
              "Update_a_row_in_selected_environment_2": {
                "runAfter": {},
                "metadata": {
                  "operationMetadataId": "bbad8cd8-2158-49bf-b88f-98d36b799ab4"
                },
                "type": "OpenApiConnection",
                "inputs": {
                  "host": {
                    "connectionName": "shared_commondataserviceforapps",
                    "operationId": "UpdateOnlyRecordWithOrganization",
                    "apiId": "/providers/Microsoft.PowerApps/apis/shared_commondataserviceforapps"
                  },
                  "parameters": {
                    "organization": "https://org9a862efb.crm4.dynamics.com",
                    "entityName": "contoso_machineorders",
                    "recordId": "@triggerOutputs()?['body/contoso_machineorderid']",
                    "item/contoso_approvalstatus": 330650001
                  },
                  "authentication": "@parameters('$authentication')"
                }
              },
              "Send_an_email_(V2)_2": {
                "runAfter": {
                  "Update_a_row_in_selected_environment_2": [
                    "Succeeded"
                  ]
                },
                "metadata": {
                  "operationMetadataId": "f30d9059-bf99-49cd-b8d4-ae163238e2e3"
                },
                "type": "OpenApiConnection",
                "inputs": {
                  "host": {
                    "connectionName": "shared_office365",
                    "operationId": "SendEmailV2",
                    "apiId": "/providers/Microsoft.PowerApps/apis/shared_office365"
                  },
                  "parameters": {
                    "emailMessage/To": "@outputs('Update_a_row_in_selected_environment_2')?['body/contoso_requestedby']",
                    "emailMessage/Subject": "Your machine was not approved",
                    "emailMessage/Body": "<p>Sorry, your request for @{outputs('Update_a_row_in_selected_environment_2')?['body/contoso_name']}was NOT APPROVED.<br>\n@{outputs('Start_and_wait_for_an_approval')?['body/responseSummary']}</p>",
                    "emailMessage/Importance": "Normal"
                  },
                  "authentication": "@parameters('$authentication')"
                }
              }
            }
          },
          "expression": {
            "equals": [
              "",
              ""
            ]
          },
          "metadata": {
            "operationMetadataId": "5a596f60-18f2-41b9-9a4e-f9f254dc09a3"
          },
          "type": "If"
        }
      }
    },
    "templateName": ""
  },
  "schemaVersion": "1.0.0.0"
}